{"class_lookup":[[0,0,0],[255,0,0],[0,255,0],[0,0,255],[255,255,0],[0,255,255]],"gain":[0.00036913990402362494,0.00023062730627306272,0.00021477663230240549,0.00017421602787456446,0.00018684603886397609,0.00020995171110644551],"offset":[-0.37075088331634293,-0.29206177939360545,-0.35890667642066565,-0.42816092741626904,-0.60489466807177605,-0.52781667492779516]}
